STA00000147,19660101,MAX,-75,,,SD,
STA00000147,19660101,MIN,-148,,,SD,
STA00010000,19660101,ERR,0,,,SD,
STA00010095,19660101,MAX,-86,,,SD,
STA00010095,19660101,MIN,-135,,,SD,
STA00000147,19660102,MAX,-60,,F,SD,
STA00000147,19660102,MIN,-125,,,SD,
STA00010000,19660102,ERR,0,,,SD,
STA00010095,19660102,MAX,-44,,,SD,
STA00010095,19660102,MIN,-130,,,SD,
STA00000147,19660103,MAX,-23,,,SD,
STA00000147,19660103,MIN,-46,,F,SD,
STA00010000,19660103,ERR,4,,,SD,
STA00010095,19660103,MAX,-10,,,SD,
STA00010095,19660103,MIN,-73,,,SD,
STA00000147,19660104,MAX,0,,,SD,
STA00000147,19660104,MIN,-13,,,SD,
STA00010000,19660104,ERR,0,,,SD,
STA00010095,19660104,MAX,-55,,,SD,
STA00010095,19660104,MIN,-74,,,SD,
STA00000147,19660105,MAX,10,,,SD,
STA00000147,19660105,MIN,-6,,,SD,
STA00010000,19660105,ERR,0,,,SD,
STA00010095,19660105,MAX,-40,,,SD,
STA00010095,19660105,MIN,-58,,,SD,
STA00000147,19660106,MAX,13,,,SD,
STA00000147,19660106,MIN,13,,,SD,
STA00010000,19660106,ERR,0,,,SD,
STA00010095,19660106,MAX,-39,,,SD,
STA00010095,19660106,MIN,-57,,,SD,
STA00000147,19660107,MAX,31,,,SD,
STA00000147,19660107,MIN,10,,,SD,
STA00010000,19660107,ERR,0,,,SD,
STA00010095,19660107,MAX,-30,,,SD,
STA00010095,19660107,MIN,-50,,,SD,
STA00000147,19660108,MAX,29,,,SD,
STA00000147,19660108,MIN,14,,,SD,
STA00010000,19660108,ERR,0,,,SD,
STA00010095,19660108,MAX,-1,,,SD,
STA00010095,19660108,MIN,-31,,,SD,
STA00000147,19660109,MAX,35,,,SD,
STA00000147,19660109,MIN,23,,,SD,
STA00010000,19660109,ERR,0,,,SD,
STA00010095,19660109,MAX,5,,,SD,
STA00010095,19660109,MIN,-46,,,SD,
STA00000147,19660110,MAX,46,,,SD,
STA00000147,19660110,MIN,31,,,SD,
STA00010000,19660110,ERR,0,,,SD,
STA00010095,19660110,MAX,-46,,,SD,
STA00010095,19660110,MIN,-75,,,SD,
STA00000147,19660111,MAX,66,,,SD,
STA00000147,19660111,MIN,41,,,SD,
STA00010000,19660111,ERR,31,,,SD,
STA00010095,19660111,MAX,1,,,SD,
STA00010095,19660111,MIN,-62,,,SD,
STA00000147,19660112,MAX,41,,,SD,
STA00000147,19660112,MIN,29,,,SD,
STA00010000,19660112,ERR,0,,,SD,
STA00010095,19660112,MAX,-33,,,SD,
STA00010095,19660112,MIN,-60,,,SD,
STA00000147,19660113,MAX,23,,,SD,
STA00000147,19660113,MIN,13,,,SD,
STA00010000,19660113,ERR,3,,,SD,
STA00010095,19660113,MAX,-20,,,SD,
STA00010095,19660113,MIN,-60,,,SD,
STA00000147,19660114,MAX,41,,,SD,
STA00000147,19660114,MIN,23,,,SD,
STA00010000,19660114,ERR,0,,,SD,
STA00010095,19660114,MAX,0,,,SD,
STA00010095,19660114,MIN,-35,,,SD,
STA00000147,19660115,MAX,54,,,SD,
STA00000147,19660115,MIN,41,,,SD,
STA00010000,19660115,ERR,0,,,SD,
STA00010095,19660115,MAX,10,,,SD,
STA00010095,19660115,MIN,-23,,,SD,
STA00000147,19660116,MAX,56,,,SD,
STA00000147,19660116,MIN,41,,,SD,
STA00010000,19660116,ERR,0,,,SD,
STA00010095,19660116,MAX,-11,,,SD,
STA00010095,19660116,MIN,-37,,,SD,
STA00000147,19660117,MAX,84,,,SD,
STA00000147,19660117,MIN,48,,,SD,
STA00010000,19660117,ERR,0,,,SD,
STA00010095,19660117,MAX,14,,,SD,
STA00010095,19660117,MIN,-35,,,SD,
STA00000147,19660118,MAX,59,,,SD,
STA00000147,19660118,MIN,46,,,SD,
STA00010000,19660118,ERR,2,,,SD,
STA00010095,19660118,MAX,47,,,SD,
STA00010095,19660118,MIN,9,,,SD,
STA00000147,19660119,MAX,59,,,SD,
STA00000147,19660119,MIN,50,,,SD,
STA00010000,19660119,ERR,0,,,SD,
STA00010095,19660119,MAX,66,,,SD,
STA00010095,19660119,MIN,34,,,SD,
STA00000147,19660120,MAX,60,,,SD,
STA00000147,19660120,MIN,25,,,SD,
STA00010000,19660120,ERR,4,,,SD,
STA00010095,19660120,MAX,58,,,SD,
STA00010095,19660120,MIN,17,,,SD,
STA00000147,19660121,MAX,80,,,SD,
STA00000147,19660121,MIN,30,,,SD,
STA00010000,19660121,ERR,6,,,SD,
STA00010095,19660121,MAX,31,,,SD,
STA00010095,19660121,MIN,8,,,SD,
STA00000147,19660122,MAX,81,,,SD,
STA00000147,19660122,MIN,74,,,SD,
STA00010000,19660122,ERR,68,,,SD,
STA00010095,19660122,MAX,8,,,SD,
STA00010095,19660122,MIN,-16,,,SD,
STA00000147,19660123,MAX,85,,,SD,
STA00000147,19660123,MIN,75,,,SD,
STA00010000,19660123,ERR,18,,,SD,
STA00010095,19660123,MAX,18,,,SD,
STA00010095,19660123,MIN,-16,,,SD,
STA00000147,19660124,MAX,85,,,SD,
STA00000147,19660124,MIN,75,,,SD,
STA00010000,19660124,ERR,0,,,SD,
STA00010095,19660124,MAX,31,,,SD,
STA00010095,19660124,MIN,-3,,,SD,
STA00000147,19660125,MAX,98,,,SD,
STA00000147,19660125,MIN,75,,,SD,
STA00010000,19660125,ERR,0,,,SD,
STA00010095,19660125,MAX,35,,,SD,
STA00010095,19660125,MIN,2,,,SD,
STA00000147,19660126,MAX,75,,,SD,
STA00000147,19660126,MIN,34,,,SD,
STA00010000,19660126,ERR,0,,,SD,
STA00010095,19660126,MAX,44,,,SD,
STA00010095,19660126,MIN,16,,,SD,
STA00000147,19660127,MAX,73,,,SD,
STA00000147,19660127,MIN,29,,,SD,
STA00010000,19660127,ERR,0,,,SD,
STA00010095,19660127,MAX,57,,,SD,
STA00010095,19660127,MIN,15,,,SD,
STA00000147,19660128,MAX,79,,,SD,
STA00000147,19660128,MIN,54,,,SD,
STA00010000,19660128,ERR,4,,,SD,
STA00010095,19660128,MAX,69,,,SD,
STA00010095,19660128,MIN,33,,,SD,
STA00000147,19660129,MAX,73,,,SD,
STA00000147,19660129,MIN,50,,,SD,
STA00010000,19660129,ERR,0,,,SD,
STA00010095,19660129,MAX,67,,,SD,
STA00010095,19660129,MIN,19,,,SD,
STA00000147,19660130,MAX,66,,,SD,
STA00000147,19660130,MIN,50,,,SD,
STA00010000,19660130,ERR,0,,,SD,
STA00010095,19660130,MAX,29,,,SD,
STA00010095,19660130,MIN,3,,,SD,
STA00000147,19660131,MAX,85,,,SD,
STA00000147,19660131,MIN,50,,,SD,
STA00010000,19660131,ERR,0,,,SD,
STA00010095,19660131,MAX,62,,,SD,
STA00010095,19660131,MIN,23,,,SD,
STA00000147,19660201,MAX,91,,,SD,
STA00000147,19660201,MIN,63,,,SD,
STA00010000,19660201,ERR,13,,,SD,
STA00010095,19660201,MAX,48,,,SD,
STA00010095,19660201,MIN,17,,,SD,
STA00000147,19660202,MAX,66,,,SD,
STA00000147,19660202,MIN,54,,,SD,
STA00010000,19660202,ERR,16,,,SD,
STA00010095,19660202,MAX,67,,,SD,
STA00010095,19660202,MIN,19,,,SD,
STA00000147,19660203,MAX,56,,,SD,
STA00000147,19660203,MIN,54,,,SD,
STA00010000,19660203,ERR,0,,,SD,
STA00010095,19660203,MAX,53,,,SD,
STA00010095,19660203,MIN,2,,,SD,
STA00000147,19660204,MAX,104,,,SD,
STA00000147,19660204,MIN,59,,,SD,
STA00010000,19660204,ERR,0,,,SD,
STA00010095,19660204,MAX,66,,,SD,
STA00010095,19660204,MIN,39,,,SD,
STA00000147,19660205,MAX,79,,,SD,
STA00000147,19660205,MIN,46,,,SD,
STA00010000,19660205,ERR,0,,,SD,
STA00010095,19660205,MAX,59,,,SD,
STA00010095,19660205,MIN,22,,,SD,
STA00000147,19660206,MAX,75,,,SD,
STA00000147,19660206,MIN,41,,,SD,
STA00010000,19660206,ERR,0,,,SD,
STA00010095,19660206,MAX,24,,,SD,
STA00010095,19660206,MIN,-3,,,SD,
STA00000147,19660207,MAX,73,,,SD,
STA00000147,19660207,MIN,35,,,SD,
STA00010000,19660207,ERR,6,,,SD,
STA00010095,19660207,MAX,4,,,SD,
STA00010095,19660207,MIN,-22,,,SD,
STA00000147,19660208,MAX,50,,,SD,
STA00000147,19660208,MIN,25,,,SD,
STA00010000,19660208,ERR,0,,,SD,
STA00010095,19660208,MAX,-20,,,SD,
STA00010095,19660208,MIN,-39,,,SD,
STA00000147,19660209,MAX,35,,,SD,
STA00000147,19660209,MIN,0,,,SD,
STA00010000,19660209,ERR,0,,,SD,
STA00010095,19660209,MAX,-17,,,SD,
STA00010095,19660209,MIN,-36,,,SD,
STA00000147,19660210,MAX,38,,,SD,
STA00000147,19660210,MIN,16,,,SD,
STA00010000,19660210,ERR,0,,,SD,
STA00010095,19660210,MAX,-25,,,SD,
STA00010095,19660210,MIN,-69,,,SD,
STA00000147,19660211,MAX,21,,,SD,
STA00000147,19660211,MIN,9,,,SD,
STA00010000,19660211,ERR,0,,,SD,
STA00010095,19660211,MAX,-34,,,SD,
STA00010095,19660211,MIN,-102,,,SD,
STA00000147,19660212,MAX,13,,,SD,
STA00000147,19660212,MIN,3,,,SD,
STA00010000,19660212,ERR,0,,,SD,
STA00010095,19660212,MAX,-22,,,SD,
STA00010095,19660212,MIN,-78,,,SD,
STA00000147,19660213,MAX,13,,,SD,
STA00000147,19660213,MIN,0,,,SD,
STA00010000,19660213,ERR,0,,,SD,
STA00010095,19660213,MAX,1,,,SD,
STA00010095,19660213,MIN,-42,,,SD,
STA00000147,19660214,MAX,13,,,SD,
STA00000147,19660214,MIN,0,,,SD,
STA00010000,19660214,ERR,0,,,SD,
STA00010095,19660214,MAX,5,,,SD,
STA00010095,19660214,MIN,-35,,,SD,
STA00000147,19660215,MAX,21,,,SD,
STA00000147,19660215,MIN,13,,,SD,
STA00010000,19660215,ERR,0,,,SD,
STA00010095,19660215,MAX,18,,,SD,
STA00010095,19660215,MIN,0,,,SD,
STA00000147,19660216,MAX,75,,,SD,
STA00000147,19660216,MIN,13,,,SD,
STA00010000,19660216,ERR,7,,,SD,
STA00010095,19660216,MAX,24,,,SD,
STA00010095,19660216,MIN,-6,,,SD,
STA00000147,19660217,MAX,71,,,SD,
STA00000147,19660217,MIN,23,,,SD,
STA00010000,19660217,ERR,0,,,SD,
STA00010095,19660217,MAX,20,,,SD,
STA00010095,19660217,MIN,-13,,,SD,
STA00000147,19660218,MAX,48,,,SD,
STA00000147,19660218,MIN,21,,,SD,
STA00010000,19660218,ERR,0,,,SD,
STA00010095,19660218,MAX,0,,,SD,
STA00010095,19660218,MIN,-52,,,SD,
STA00000147,19660219,MAX,50,,,SD,
STA00000147,19660219,MIN,38,,,SD,
STA00010000,19660219,ERR,0,,,SD,
STA00010095,19660219,MAX,-6,,,SD,
STA00010095,19660219,MIN,-50,,,SD,
STA00000147,19660220,MAX,66,,,SD,
STA00000147,19660220,MIN,38,,,SD,
STA00010000,19660220,ERR,0,,,SD,
STA00010095,19660220,MAX,-34,,,SD,
STA00010095,19660220,MIN,-72,,,SD,
STA00000147,19660221,MAX,66,,,SD,
STA00000147,19660221,MIN,25,,,SD,
STA00010000,19660221,ERR,0,,,SD,
STA00010095,19660221,MAX,-16,,,SD,
STA00010095,19660221,MIN,-60,,,SD,
STA00000147,19660222,MAX,63,,,SD,
STA00000147,19660222,MIN,48,,,SD,
STA00010000,19660222,ERR,0,,,SD,
STA00010095,19660222,MAX,33,,,SD,
STA00010095,19660222,MIN,-42,,,SD,
STA00000147,19660223,MAX,81,,,SD,
STA00000147,19660223,MIN,54,,,SD,
STA00010000,19660223,ERR,0,,,SD,
STA00010095,19660223,MAX,40,,,SD,
STA00010095,19660223,MIN,17,,,SD,
STA00000147,19660224,MAX,104,,,SD,
STA00000147,19660224,MIN,73,,,SD,
STA00010000,19660224,ERR,0,,,SD,
STA00010095,19660224,MAX,56,,,SD,
STA00010095,19660224,MIN,14,,,SD,
STA00000147,19660225,MAX,116,,,SD,
STA00000147,19660225,MIN,60,,,SD,
STA00010000,19660225,ERR,0,,,SD,
STA00010095,19660225,MAX,20,,,SD,
STA00010095,19660225,MIN,4,,,SD,
STA00000147,19660226,MAX,129,,,SD,
STA00000147,19660226,MIN,88,,,SD,
STA00010000,19660226,ERR,0,,,SD,
STA00010095,19660226,MAX,15,,,SD,
STA00010095,19660226,MIN,-57,,,SD,
STA00000147,19660227,MAX,100,,,SD,
STA00000147,19660227,MIN,88,,F,SD,
STA00010000,19660227,ERR,6,,,SD,
STA00010095,19660227,MAX,-39,,,SD,
STA00010095,19660227,MIN,-74,,,SD,
STA00000147,19660228,MAX,75,,F,SD,
STA00000147,19660228,MIN,63,,,SD,
STA00010000,19660228,ERR,0,,,SD,
STA00010095,19660228,MAX,25,,,SD,
STA00010095,19660228,MIN,-43,,,SD,
STA00000147,19660301,MAX,100,,,SD,
STA00000147,19660301,MIN,66,,,SD,
STA00010000,19660301,ERR,42,,,SD,
STA00010095,19660301,MAX,-21,,,SD,
STA00010095,19660301,MIN,-37,,,SD,
STA00000147,19660302,MAX,79,,,SD,
STA00000147,19660302,MIN,60,,,SD,
STA00010000,19660302,ERR,16,,,SD,
STA00010095,19660302,MAX,4,,,SD,
STA00010095,19660302,MIN,-40,,,SD,
STA00000147,19660303,MAX,54,,,SD,
STA00000147,19660303,MIN,46,,,SD,
STA00010000,19660303,ERR,6,,,SD,
STA00010095,19660303,MAX,10,,,SD,
STA00010095,19660303,MIN,-30,,,SD,
STA00000147,19660304,MAX,84,,,SD,
STA00000147,19660304,MIN,29,,,SD,
STA00010000,19660304,ERR,0,,,SD,
STA00010095,19660304,MAX,32,,,SD,
STA00010095,19660304,MIN,-23,,,SD,
STA00000147,19660305,MAX,79,,,SD,
STA00000147,19660305,MIN,21,,,SD,
STA00010000,19660305,ERR,4,,,SD,
STA00010095,19660305,MAX,-14,,,SD,
STA00010095,19660305,MIN,-47,,,SD,
STA00000147,19660306,MAX,60,,,SD,
STA00000147,19660306,MIN,29,,,SD,
STA00010000,19660306,ERR,0,,,SD,
STA00010095,19660306,MAX,-34,,,SD,
STA00010095,19660306,MIN,-70,,,SD,
STA00000147,19660307,MAX,34,,,SD,
STA00000147,19660307,MIN,16,,,SD,
STA00010000,19660307,ERR,0,,,SD,
STA00010095,19660307,MAX,-42,,,SD,
STA00010095,19660307,MIN,-89,,,SD,
STA00000147,19660308,MAX,38,,,SD,
STA00000147,19660308,MIN,0,,,SD,
STA00010000,19660308,ERR,0,,,SD,
STA00010095,19660308,MAX,-49,,,SD,
STA00010095,19660308,MIN,-130,,,SD,
STA00000147,19660309,MAX,79,,,SD,
STA00000147,19660309,MIN,16,,,SD,
STA00010000,19660309,ERR,30,,,SD,
STA00010095,19660309,MAX,-63,,,SD,
STA00010095,19660309,MIN,-93,,,SD,
STA00000147,19660310,MAX,75,,,SD,
STA00000147,19660310,MIN,25,,,SD,
STA00010000,19660310,ERR,0,,,SD,
STA00010095,19660310,MAX,-34,,,SD,
STA00010095,19660310,MIN,-110,,,SD,
STA00000147,19660311,MAX,79,,,SD,
STA00000147,19660311,MIN,29,,,SD,
STA00010000,19660311,ERR,0,,,SD,
STA00010095,19660311,MAX,-33,,,SD,
STA00010095,19660311,MIN,-107,,,SD,
STA00000147,19660312,MAX,69,,,SD,
STA00000147,19660312,MIN,41,,,SD,
STA00010000,19660312,ERR,7,,,SD,
STA00010095,19660312,MAX,-22,,,SD,
STA00010095,19660312,MIN,-87,,,SD,
STA00000147,19660313,MAX,75,,,SD,
STA00000147,19660313,MIN,44,,,SD,
STA00010000,19660313,ERR,0,,,SD,
STA00010095,19660313,MAX,-24,,,SD,
STA00010095,19660313,MIN,-110,,,SD,
STA00000147,19660314,MAX,100,,,SD,
STA00000147,19660314,MIN,25,,,SD,
STA00010000,19660314,ERR,0,,,SD,
STA00010095,19660314,MAX,11,,,SD,
STA00010095,19660314,MIN,-61,,,SD,
STA00000147,19660315,MAX,109,,,SD,
STA00000147,19660315,MIN,50,,,SD,
STA00010000,19660315,ERR,0,,,SD,
STA00010095,19660315,MAX,-1,,,SD,
STA00010095,19660315,MIN,-52,,,SD,
STA00000147,19660316,MAX,113,,,SD,
STA00000147,19660316,MIN,35,,,SD,
STA00010000,19660316,ERR,0,,,SD,
STA00010095,19660316,MAX,10,,,SD,
STA00010095,19660316,MIN,-67,,,SD,
STA00000147,19660317,MAX,109,,,SD,
STA00000147,19660317,MIN,54,,,SD,
STA00010000,19660317,ERR,0,,,SD,
STA00010095,19660317,MAX,30,,,SD,
STA00010095,19660317,MIN,-52,,,SD,
STA00000147,19660318,MAX,91,,,SD,
STA00000147,19660318,MIN,56,,,SD,
STA00010000,19660318,ERR,4,,,SD,
STA00010095,19660318,MAX,26,,,SD,
STA00010095,19660318,MIN,-35,,,SD,
STA00000147,19660319,MAX,125,,,SD,
STA00000147,19660319,MIN,60,,,SD,
STA00010000,19660319,ERR,17,,,SD,
STA00010095,19660319,MAX,36,,,SD,
STA00010095,19660319,MIN,-19,,,SD,
STA00000147,19660320,MAX,116,,,SD,
STA00000147,19660320,MIN,73,,,SD,
STA00010000,19660320,ERR,20,,,SD,
STA00010095,19660320,MAX,13,,,SD,
STA00010095,19660320,MIN,-38,,,SD,
STA00000147,19660321,MAX,109,,,SD,
STA00000147,19660321,MIN,50,,,SD,
STA00010000,19660321,ERR,6,,,SD,
STA00010095,19660321,MAX,15,,,SD,
STA00010095,19660321,MIN,-48,,,SD,
STA00000147,19660322,MAX,71,,,SD,
STA00000147,19660322,MIN,48,,,SD,
STA00010000,19660322,ERR,25,,,SD,
STA00010095,19660322,MAX,14,,,SD,
STA00010095,19660322,MIN,-57,,,SD,
STA00000147,19660323,MAX,75,,,SD,
STA00000147,19660323,MIN,19,,,SD,
STA00010000,19660323,ERR,4,,,SD,
STA00010095,19660323,MAX,4,,,SD,
STA00010095,19660323,MIN,-78,,,SD,
STA00000147,19660324,MAX,81,,,SD,
STA00000147,19660324,MIN,10,,,SD,
STA00010000,19660324,ERR,0,,,SD,
STA00010095,19660324,MAX,33,,,SD,
STA00010095,19660324,MIN,-24,,,SD,
STA00000147,19660325,MAX,85,,,SD,
STA00000147,19660325,MIN,25,,,SD,
STA00010000,19660325,ERR,0,,,SD,
STA00010095,19660325,MAX,68,,,SD,
STA00010095,19660325,MIN,8,,,SD,
STA00000147,19660326,MAX,110,,,SD,
STA00000147,19660326,MIN,31,,,SD,
STA00010000,19660326,ERR,0,,,SD,
STA00010095,19660326,MAX,71,,,SD,
STA00010095,19660326,MIN,9,,,SD,
STA00000147,19660327,MAX,113,,,SD,
STA00000147,19660327,MIN,48,,,SD,
STA00010000,19660327,ERR,0,,,SD,
STA00010095,19660327,MAX,84,,,SD,
STA00010095,19660327,MIN,-5,,,SD,
STA00000147,19660328,MAX,125,,,SD,
STA00000147,19660328,MIN,54,,,SD,
STA00010000,19660328,ERR,0,,,SD,
STA00010095,19660328,MAX,86,,,SD,
STA00010095,19660328,MIN,-23,,,SD,
STA00000147,19660329,MAX,110,,,SD,
STA00000147,19660329,MIN,85,,,SD,
STA00010000,19660329,ERR,0,,,SD,
STA00010095,19660329,MAX,82,,,SD,
STA00010095,19660329,MIN,4,,,SD,
STA00000147,19660330,MAX,141,,,SD,
STA00000147,19660330,MIN,85,,,SD,
STA00010000,19660330,ERR,0,,,SD,
STA00010095,19660330,MAX,91,,,SD,
STA00010095,19660330,MIN,10,,,SD,
STA00000147,19660331,MAX,138,,,SD,
STA00000147,19660331,MIN,75,,,SD,
STA00010000,19660331,ERR,0,,,SD,
STA00010095,19660331,MAX,123,,,SD,
STA00010095,19660331,MIN,11,,,SD,
STA00000147,19660401,MAX,109,,,SD,
STA00000147,19660401,MIN,100,,,SD,
STA00010000,19660401,ERR,0,,,SD,
STA00010095,19660401,MAX,98,,,SD,
STA00010095,19660401,MIN,50,,,SD,
STA00000147,19660402,MAX,104,,,SD,
STA00000147,19660402,MIN,98,,,SD,
STA00010000,19660402,ERR,9,,,SD,
STA00010095,19660402,MAX,128,,,SD,
STA00010095,19660402,MIN,59,,,SD,
STA00000147,19660403,MAX,128,,,SD,
STA00000147,19660403,MIN,75,,,SD,
STA00010000,19660403,ERR,0,,,SD,
STA00010095,19660403,MAX,116,,,SD,
STA00010095,19660403,MIN,61,,,SD,
STA00000147,19660404,MAX,153,,,SD,
STA00000147,19660404,MIN,75,,,SD,
STA00010000,19660404,ERR,0,,,SD,
STA00010095,19660404,MAX,157,,,SD,
STA00010095,19660404,MIN,69,,,SD,
STA00000147,19660405,MAX,166,,,SD,
STA00000147,19660405,MIN,84,,,SD,
STA00010000,19660405,ERR,0,,,SD,
STA00010095,19660405,MAX,134,,,SD,
STA00010095,19660405,MIN,65,,,SD,
STA00000147,19660406,MAX,178,,,SD,
STA00000147,19660406,MIN,96,,,SD,
STA00010000,19660406,ERR,0,,,SD,
STA00010095,19660406,MAX,168,,,SD,
STA00010095,19660406,MIN,95,,,SD,
STA00000147,19660407,MAX,198,,,SD,
STA00000147,19660407,MIN,99,,,SD,
STA00010000,19660407,ERR,0,,,SD,
STA00010095,19660407,MAX,160,,,SD,
STA00010095,19660407,MIN,74,,,SD,
STA00000147,19660408,MAX,200,,,SD,
STA00000147,19660408,MIN,109,,,SD,
STA00010000,19660408,ERR,0,,,SD,
STA00010095,19660408,MAX,203,,,SD,
STA00010095,19660408,MIN,75,,,SD,
STA00000147,19660409,MAX,200,,,SD,
STA00000147,19660409,MIN,148,,,SD,
STA00010000,19660409,ERR,0,,,SD,
STA00010095,19660409,MAX,193,,,SD,
STA00010095,19660409,MIN,105,,,SD,
STA00000147,19660410,MAX,200,,,SD,
STA00000147,19660410,MIN,129,,,SD,
STA00010000,19660410,ERR,0,,,SD,
STA00010095,19660410,MAX,212,,,SD,
STA00010095,19660410,MIN,125,,,SD,
STA00000147,19660411,MAX,200,,,SD,
STA00000147,19660411,MIN,141,,,SD,
STA00010000,19660411,ERR,0,,,SD,
STA00010095,19660411,MAX,171,,,SD,
STA00010095,19660411,MIN,95,,,SD,
STA00000147,19660412,MAX,200,,,SD,
STA00000147,19660412,MIN,116,,,SD,
STA00010000,19660412,ERR,10,,,SD,
STA00010095,19660412,MAX,170,,,SD,
STA00010095,19660412,MIN,55,,,SD,
STA00000147,19660413,MAX,181,,,SD,
STA00000147,19660413,MIN,129,,,SD,
STA00010000,19660413,ERR,40,,,SD,
STA00010095,19660413,MAX,185,,,SD,
STA00010095,19660413,MIN,99,,,SD,
STA00000147,19660414,MAX,188,,,SD,
STA00000147,19660414,MIN,91,,,SD,
STA00010000,19660414,ERR,2,,,SD,
STA00010095,19660414,MAX,145,,,SD,
STA00010095,19660414,MIN,87,,,SD,
STA00000147,19660415,MAX,206,,,SD,
STA00000147,19660415,MIN,116,,,SD,
STA00010000,19660415,ERR,0,,,SD,
STA00010095,19660415,MAX,194,,,SD,
STA00010095,19660415,MIN,109,,,SD,
STA00000147,19660416,MAX,216,,,SD,
STA00000147,19660416,MIN,129,,,SD,
STA00010000,19660416,ERR,0,,,SD,
STA00010095,19660416,MAX,203,,,SD,
STA00010095,19660416,MIN,102,,,SD,
STA00000147,19660417,MAX,213,,,SD,
STA00000147,19660417,MIN,129,,,SD,
STA00010000,19660417,ERR,0,,,SD,
STA00010095,19660417,MAX,248,,,SD,
STA00010095,19660417,MIN,110,,,SD,
STA00000147,19660418,MAX,216,,,SD,
STA00000147,19660418,MIN,134,,,SD,
STA00010000,19660418,ERR,0,,,SD,
STA00010095,19660418,MAX,246,,,SD,
STA00010095,19660418,MIN,130,,,SD,
STA00000147,19660419,MAX,191,,,SD,
STA00000147,19660419,MIN,138,,,SD,
STA00010000,19660419,ERR,5,,,SD,
STA00010095,19660419,MAX,208,,,SD,
STA00010095,19660419,MIN,146,,,SD,
STA00000147,19660420,MAX,231,,,SD,
STA00000147,19660420,MIN,150,,,SD,
STA00010000,19660420,ERR,34,,,SD,
STA00010095,19660420,MAX,212,,,SD,
STA00010095,19660420,MIN,125,,,SD,
STA00000147,19660421,MAX,235,,,SD,
STA00000147,19660421,MIN,154,,,SD,
STA00010000,19660421,ERR,2,,,SD,
STA00010095,19660421,MAX,228,,,SD,
STA00010095,19660421,MIN,153,,,SD,
STA00000147,19660422,MAX,216,,,SD,
STA00000147,19660422,MIN,166,,,SD,
STA00010000,19660422,ERR,0,,,SD,
STA00010095,19660422,MAX,277,,,SD,
STA00010095,19660422,MIN,157,,,SD,
STA00000147,19660423,MAX,191,,,SD,
STA00000147,19660423,MIN,166,,,SD,
STA00010000,19660423,ERR,0,,,SD,
STA00010095,19660423,MAX,250,,,SD,
STA00010095,19660423,MIN,185,,,SD,
STA00000147,19660424,MAX,204,,,SD,
STA00000147,19660424,MIN,146,,,SD,
STA00010000,19660424,ERR,0,,,SD,
STA00010095,19660424,MAX,238,,,SD,
STA00010095,19660424,MIN,177,,,SD,
STA00000147,19660425,MAX,163,,,SD,
STA00000147,19660425,MIN,150,,,SD,
STA00010000,19660425,ERR,0,,,SD,
STA00010095,19660425,MAX,230,,,SD,
STA00010095,19660425,MIN,166,,,SD,
STA00000147,19660426,MAX,179,,,SD,
STA00000147,19660426,MIN,154,,,SD,
STA00010000,19660426,ERR,0,,,SD,
STA00010095,19660426,MAX,258,,,SD,
STA00010095,19660426,MIN,158,,,SD,
STA00000147,19660427,MAX,204,,,SD,
STA00000147,19660427,MIN,154,,,SD,
STA00010000,19660427,ERR,0,,,SD,
STA00010095,19660427,MAX,279,,,SD,
STA00010095,19660427,MIN,160,,,SD,
STA00000147,19660428,MAX,223,,,SD,
STA00000147,19660428,MIN,159,,,SD,
STA00010000,19660428,ERR,0,,,SD,
STA00010095,19660428,MAX,259,,,SD,
STA00010095,19660428,MIN,180,,,SD,
STA00000147,19660429,MAX,225,,,SD,
STA00000147,19660429,MIN,169,,,SD,
STA00010000,19660429,ERR,0,,,SD,
STA00010095,19660429,MAX,286,,,SD,
STA00010095,19660429,MIN,166,,,SD,
STA00000147,19660430,MAX,206,,,SD,
STA00000147,19660430,MIN,159,,,SD,
STA00010000,19660430,ERR,0,,,SD,
STA00010095,19660430,MAX,273,,,SD,
STA00010095,19660430,MIN,147,,,SD,
STA00000147,19660501,MAX,206,,,SD,
STA00000147,19660501,MIN,160,,,SD,
STA00010000,19660501,ERR,97,,,SD,
STA00010095,19660501,MAX,183,,,SD,
STA00010095,19660501,MIN,127,,,SD,
STA00000147,19660502,MAX,223,,,SD,
STA00000147,19660502,MIN,160,,,SD,
STA00010000,19660502,ERR,3,,,SD,
STA00010095,19660502,MAX,226,,,SD,
STA00010095,19660502,MIN,139,,,SD,
STA00000147,19660503,MAX,235,,,SD,
STA00000147,19660503,MIN,154,,,SD,
STA00010000,19660503,ERR,0,,,SD,
STA00010095,19660503,MAX,240,,,SD,
STA00010095,19660503,MIN,164,,,SD,
STA00000147,19660504,MAX,238,,,SD,
STA00000147,19660504,MIN,156,,,SD,
STA00010000,19660504,ERR,0,,,SD,
STA00010095,19660504,MAX,231,,,SD,
STA00010095,19660504,MIN,152,,,SD,
STA00000147,19660505,MAX,225,,,SD,
STA00000147,19660505,MIN,160,,,SD,
STA00010000,19660505,ERR,0,,,SD,
STA00010095,19660505,MAX,217,,,SD,
STA00010095,19660505,MIN,160,,,SD,
STA00000147,19660506,MAX,175,,,SD,
STA00000147,19660506,MIN,140,,,SD,
STA00010000,19660506,ERR,0,,,SD,
STA00010095,19660506,MAX,214,,,SD,
STA00010095,19660506,MIN,136,,,SD,
STA00000147,19660507,MAX,188,,,SD,
STA00000147,19660507,MIN,96,,,SD,
STA00010000,19660507,ERR,0,,,SD,
STA00010095,19660507,MAX,231,,,SD,
STA00010095,19660507,MIN,116,,,SD,
STA00000147,19660508,MAX,213,,,SD,
STA00000147,19660508,MIN,121,,,SD,
STA00010000,19660508,ERR,0,,,SD,
STA00010095,19660508,MAX,240,,,SD,
STA00010095,19660508,MIN,130,,,SD,
STA00000147,19660509,MAX,225,,,SD,
STA00000147,19660509,MIN,134,,,SD,
STA00010000,19660509,ERR,0,,,SD,
STA00010095,19660509,MAX,245,,,SD,
STA00010095,19660509,MIN,151,,,SD,
STA00000147,19660510,MAX,188,,,SD,
STA00000147,19660510,MIN,154,,,SD,
STA00010000,19660510,ERR,0,,,SD,
STA00010095,19660510,MAX,241,,,SD,
STA00010095,19660510,MIN,149,,,SD,
STA00000147,19660511,MAX,210,,,SD,
STA00000147,19660511,MIN,154,,,SD,
STA00010000,19660511,ERR,11,,,SD,
STA00010095,19660511,MAX,162,,,SD,
STA00010095,19660511,MIN,103,,,SD,
STA00000147,19660512,MAX,204,,,SD,
STA00000147,19660512,MIN,150,,,SD,
STA00010000,19660512,ERR,7,,,SD,
STA00010095,19660512,MAX,162,,,SD,
STA00010095,19660512,MIN,100,,,SD,
STA00000147,19660513,MAX,188,,,SD,
STA00000147,19660513,MIN,154,,,SD,
STA00010000,19660513,ERR,25,,,SD,
STA00010095,19660513,MAX,197,,,SD,
STA00010095,19660513,MIN,122,,,SD,
STA00000147,19660514,MAX,200,,,SD,
STA00000147,19660514,MIN,134,,,SD,
STA00010000,19660514,ERR,35,,,SD,
STA00010095,19660514,MAX,209,,,SD,
STA00010095,19660514,MIN,125,,,SD,
STA00000147,19660515,MAX,213,,,SD,
STA00000147,19660515,MIN,135,,,SD,
STA00010000,19660515,ERR,7,,,SD,
STA00010095,19660515,MAX,161,,,SD,
STA00010095,19660515,MIN,116,,,SD,
STA00000147,19660516,MAX,213,,,SD,
STA00000147,19660516,MIN,135,,,SD,
STA00010000,19660516,ERR,279,,,SD,
STA00010095,19660516,MAX,188,,,SD,
STA00010095,19660516,MIN,129,,,SD,
STA00000147,19660517,MAX,209,,,SD,
STA00000147,19660517,MIN,160,,,SD,
STA00010000,19660517,ERR,0,,,SD,
STA00010095,19660517,MAX,220,,,SD,
STA00010095,19660517,MIN,124,,,SD,
STA00000147,19660518,MAX,213,,,SD,
STA00000147,19660518,MIN,146,,,SD,
STA00010000,19660518,ERR,43,,,SD,
STA00010095,19660518,MAX,186,,,SD,
STA00010095,19660518,MIN,119,,,SD,
STA00000147,19660519,MAX,200,,,SD,
STA00000147,19660519,MIN,135,,,SD,
STA00010000,19660519,ERR,0,,,SD,
STA00010095,19660519,MAX,172,,,SD,
STA00010095,19660519,MIN,105,,,SD,
STA00000147,19660520,MAX,225,,,SD,
STA00000147,19660520,MIN,138,,,SD,
STA00010000,19660520,ERR,0,,,SD,
STA00010095,19660520,MAX,225,,,SD,
STA00010095,19660520,MIN,115,,,SD,
STA00000147,19660521,MAX,238,,,SD,
STA00000147,19660521,MIN,179,,,SD,
STA00010000,19660521,ERR,0,,,SD,
STA00010095,19660521,MAX,247,,,SD,
STA00010095,19660521,MIN,136,,,SD,
STA00000147,19660522,MAX,263,,,SD,
STA00000147,19660522,MIN,166,,,SD,
STA00010000,19660522,ERR,43,,,SD,
STA00010095,19660522,MAX,262,,,SD,
STA00010095,19660522,MIN,157,,,SD,
STA00000147,19660523,MAX,250,,,SD,
STA00000147,19660523,MIN,188,,,SD,
STA00010000,19660523,ERR,71,,,SD,
STA00010095,19660523,MAX,270,,,SD,
STA00010095,19660523,MIN,183,,,SD,
STA00000147,19660524,MAX,225,,,SD,
STA00000147,19660524,MIN,185,,,SD,
STA00010000,19660524,ERR,0,,,SD,
STA00010095,19660524,MAX,282,,,SD,
STA00010095,19660524,MIN,178,,,SD,
STA00000147,19660525,MAX,238,,,SD,
STA00000147,19660525,MIN,181,,,SD,
STA00010000,19660525,ERR,305,,,SD,
STA00010095,19660525,MAX,232,,,SD,
STA00010095,19660525,MIN,174,,,SD,
STA00000147,19660526,MAX,263,,,SD,
STA00000147,19660526,MIN,198,,,SD,
STA00010000,19660526,ERR,169,,,SD,
STA00010095,19660526,MAX,226,,,SD,
STA00010095,19660526,MIN,160,,,SD,
STA00000147,19660527,MAX,269,,,SD,
STA00000147,19660527,MIN,210,,,SD,
STA00010000,19660527,ERR,24,,,SD,
STA00010095,19660527,MAX,246,,,SD,
STA00010095,19660527,MIN,173,,,SD,
STA00000147,19660528,MAX,244,,,SD,
STA00000147,19660528,MIN,191,,,SD,
STA00010000,19660528,ERR,2,,,SD,
STA00010095,19660528,MAX,261,,,SD,
STA00010095,19660528,MIN,189,,,SD,
STA00000147,19660529,MAX,216,,,SD,
STA00000147,19660529,MIN,191,,,SD,
STA00010000,19660529,ERR,123,,,SD,
STA00010095,19660529,MAX,258,,,SD,
STA00010095,19660529,MIN,194,,,SD,
STA00000147,19660530,MAX,259,,,SD,
STA00000147,19660530,MIN,196,,,SD,
STA00010000,19660530,ERR,97,,,SD,
STA00010095,19660530,MAX,238,,,SD,
STA00010095,19660530,MIN,183,,,SD,
STA00000147,19660531,MAX,254,,,SD,
STA00000147,19660531,MIN,196,,,SD,
STA00010000,19660531,ERR,75,,,SD,
STA00010095,19660531,MAX,210,,,SD,
STA00010095,19660531,MIN,170,,,SD,
STA00000147,19660601,MAX,204,,,SD,
STA00000147,19660601,MIN,191,,,SD,
STA00010000,19660601,ERR,102,,,SD,
STA00010095,19660601,MAX,191,,,SD,
STA00010095,19660601,MIN,157,,,SD,
STA00000147,19660602,MAX,216,,,SD,
STA00000147,19660602,MIN,138,,,SD,
STA00010000,19660602,ERR,45,,,SD,
STA00010095,19660602,MAX,193,,,SD,
STA00010095,19660602,MIN,132,,,SD,
STA00000147,19660603,MAX,213,,,SD,
STA00000147,19660603,MIN,138,,,SD,
STA00010000,19660603,ERR,0,,,SD,
STA00010095,19660603,MAX,192,,,SD,
STA00010095,19660603,MIN,144,,,SD,
STA00000147,19660604,MAX,225,,,SD,
STA00000147,19660604,MIN,156,,,SD,
STA00010000,19660604,ERR,11,,,SD,
STA00010095,19660604,MAX,216,,,SD,
STA00010095,19660604,MIN,141,,,SD,
STA00000147,19660605,MAX,256,,,SD,
STA00000147,19660605,MIN,173,,,SD,
STA00010000,19660605,ERR,0,,,SD,
STA00010095,19660605,MAX,226,,,SD,
STA00010095,19660605,MIN,147,,,SD,
STA00000147,19660606,MAX,250,,,SD,
STA00000147,19660606,MIN,184,,,SD,
STA00010000,19660606,ERR,27,,,SD,
STA00010095,19660606,MAX,227,,,SD,
STA00010095,19660606,MIN,177,,,SD,
STA00000147,19660607,MAX,198,,,SD,
STA00000147,19660607,MIN,173,,,SD,
STA00010000,19660607,ERR,23,,,SD,
STA00010095,19660607,MAX,219,,,SD,
STA00010095,19660607,MIN,133,,,SD,
STA00000147,19660608,MAX,191,,,SD,
STA00000147,19660608,MIN,169,,,SD,
STA00010000,19660608,ERR,297,,,SD,
STA00010095,19660608,MAX,164,,,SD,
STA00010095,19660608,MIN,117,,,SD,
STA00000147,19660609,MAX,223,,,SD,
STA00000147,19660609,MIN,166,,,SD,
STA00010000,19660609,ERR,2,,,SD,
STA00010095,19660609,MAX,191,,,SD,
STA00010095,19660609,MIN,119,,,SD,
STA00000147,19660610,MAX,248,,,SD,
STA00000147,19660610,MIN,166,,,SD,
STA00010000,19660610,ERR,0,,,SD,
STA00010095,19660610,MAX,191,,,SD,
STA00010095,19660610,MIN,129,,,SD,
STA00000147,19660611,MAX,229,,,SD,
STA00000147,19660611,MIN,169,,,SD,
STA00010000,19660611,ERR,40,,,SD,
STA00010095,19660611,MAX,185,,,SD,
STA00010095,19660611,MIN,104,,,SD,
STA00000147,19660612,MAX,206,,,SD,
STA00000147,19660612,MIN,175,,,SD,
STA00010000,19660612,ERR,10,,,SD,
STA00010095,19660612,MAX,190,,,SD,
STA00010095,19660612,MIN,100,,,SD,
STA00000147,19660613,MAX,229,,,SD,
STA00000147,19660613,MIN,171,,,SD,
STA00010000,19660613,ERR,51,,,SD,
STA00010095,19660613,MAX,198,,,SD,
STA00010095,19660613,MIN,115,,,SD,
STA00000147,19660614,MAX,216,,,SD,
STA00000147,19660614,MIN,166,,,SD,
STA00010000,19660614,ERR,10,,,SD,
STA00010095,19660614,MAX,212,,,SD,
STA00010095,19660614,MIN,126,,,SD,
STA00000147,19660615,MAX,216,,,SD,
STA00000147,19660615,MIN,141,,,SD,
STA00010000,19660615,ERR,7,,,SD,
STA00010095,19660615,MAX,148,,,SD,
STA00010095,19660615,MIN,90,,,SD,
STA00000147,19660616,MAX,216,,,SD,
STA00000147,19660616,MIN,141,,,SD,
STA00010000,19660616,ERR,16,,,SD,
STA00010095,19660616,MAX,139,,,SD,
STA00010095,19660616,MIN,84,,,SD,
STA00000147,19660617,MAX,225,,,SD,
STA00000147,19660617,MIN,141,,,SD,
STA00010000,19660617,ERR,12,,,SD,
STA00010095,19660617,MAX,131,,,SD,
STA00010095,19660617,MIN,82,,,SD,
STA00000147,19660618,MAX,235,,,SD,
STA00000147,19660618,MIN,146,,,SD,
STA00010000,19660618,ERR,0,,,SD,
STA00010095,19660618,MAX,140,,,SD,
STA00010095,19660618,MIN,87,,,SD,
STA00000147,19660619,MAX,235,,,SD,
STA00000147,19660619,MIN,148,,,SD,
STA00010000,19660619,ERR,63,,,SD,
STA00010095,19660619,MAX,164,,,SD,
STA00010095,19660619,MIN,98,,,SD,
STA00000147,19660620,MAX,254,,,SD,
STA00000147,19660620,MIN,146,,,SD,
STA00010000,19660620,ERR,17,,,SD,
STA00010095,19660620,MAX,210,,,SD,
STA00010095,19660620,MIN,88,,,SD,
STA00000147,19660621,MAX,259,,,SD,
STA00000147,19660621,MIN,173,,,SD,
STA00010000,19660621,ERR,2,,,SD,
STA00010095,19660621,MAX,195,,,SD,
STA00010095,19660621,MIN,156,,,SD,
STA00000147,19660622,MAX,213,,,SD,
STA00000147,19660622,MIN,204,,,SD,
STA00010000,19660622,ERR,111,,,SD,
STA00010095,19660622,MAX,192,,,SD,
STA00010095,19660622,MIN,134,,,SD,
STA00000147,19660623,MAX,241,,,SD,
STA00000147,19660623,MIN,154,,,SD,
STA00010000,19660623,ERR,27,,,SD,
STA00010095,19660623,MAX,182,,,SD,
STA00010095,19660623,MIN,118,,,SD,
STA00000147,19660624,MAX,241,,,SD,
STA00000147,19660624,MIN,179,,,SD,
STA00010000,19660624,ERR,0,,,SD,
STA00010095,19660624,MAX,194,,,SD,
STA00010095,19660624,MIN,115,,,SD,
STA00000147,19660625,MAX,254,,,SD,
STA00000147,19660625,MIN,184,,,SD,
STA00010000,19660625,ERR,0,,,SD,
STA00010095,19660625,MAX,217,,,SD,
STA00010095,19660625,MIN,100,,,SD,
STA00000147,19660626,MAX,263,,,SD,
STA00000147,19660626,MIN,184,,,SD,
STA00010000,19660626,ERR,0,,,SD,
STA00010095,19660626,MAX,233,,,SD,
STA00010095,19660626,MIN,131,,,SD,
STA00000147,19660627,MAX,275,,,SD,
STA00000147,19660627,MIN,204,,,SD,
STA00010000,19660627,ERR,0,,,SD,
STA00010095,19660627,MAX,234,,,SD,
STA00010095,19660627,MIN,161,,,SD,
STA00000147,19660628,MAX,288,,,SD,
STA00000147,19660628,MIN,213,,,SD,
STA00010000,19660628,ERR,12,,,SD,
STA00010095,19660628,MAX,227,,,SD,
STA00010095,19660628,MIN,140,,,SD,
STA00000147,19660629,MAX,265,,,SD,
STA00000147,19660629,MIN,198,,,SD,
STA00010000,19660629,ERR,0,,,SD,
STA00010095,19660629,MAX,250,,,SD,
STA00010095,19660629,MIN,137,,,SD,
STA00000147,19660630,MAX,279,,,SD,
STA00000147,19660630,MIN,209,,,SD,
STA00010000,19660630,ERR,88,,,SD,
STA00010095,19660630,MAX,214,,,SD,
STA00010095,19660630,MIN,155,,,SD,
STA00000147,19660701,MAX,275,,,SD,
STA00000147,19660701,MIN,213,,,SD,
STA00010000,19660701,ERR,32,,,SD,
STA00010095,19660701,MAX,180,,,SD,
STA00010095,19660701,MIN,128,,,SD,
STA00000147,19660702,MAX,241,,,SD,
STA00000147,19660702,MIN,185,,,SD,
STA00010000,19660702,ERR,0,,,SD,
STA00010095,19660702,MAX,193,,,SD,
STA00010095,19660702,MIN,135,,,SD,
STA00000147,19660703,MAX,254,,,SD,
STA00000147,19660703,MIN,200,,,SD,
STA00010000,19660703,ERR,0,,,SD,
STA00010095,19660703,MAX,240,,,SD,
STA00010095,19660703,MIN,134,,,SD,
STA00000147,19660704,MAX,288,,,SD,
STA00000147,19660704,MIN,200,,,SD,
STA00010000,19660704,ERR,33,,,SD,
STA00010095,19660704,MAX,216,,,SD,
STA00010095,19660704,MIN,144,,,SD,
STA00000147,19660705,MAX,275,,,SD,
STA00000147,19660705,MIN,219,,,SD,
STA00010000,19660705,ERR,0,,,SD,
STA00010095,19660705,MAX,281,,,SD,
STA00010095,19660705,MIN,147,,,SD,
STA00000147,19660706,MAX,288,,,SD,
STA00000147,19660706,MIN,213,,,SD,
STA00010000,19660706,ERR,0,,,SD,
STA00010095,19660706,MAX,285,,,SD,
STA00010095,19660706,MIN,188,,,SD,
STA00000147,19660707,MAX,278,,,SD,
STA00000147,19660707,MIN,221,,,SD,
STA00010000,19660707,ERR,0,,,SD,
STA00010095,19660707,MAX,286,,,SD,
STA00010095,19660707,MIN,180,,,SD,
STA00000147,19660708,MAX,300,,,SD,
STA00000147,19660708,MIN,209,,,SD,
STA00010000,19660708,ERR,43,,,SD,
STA00010095,19660708,MAX,293,,,SD,
STA00010095,19660708,MIN,180,,,SD,
STA00000147,19660709,MAX,304,,,SD,
STA00000147,19660709,MIN,225,,,SD,
STA00010000,19660709,ERR,0,,,SD,
STA00010095,19660709,MAX,306,,,SD,
STA00010095,19660709,MIN,204,,,SD,
STA00000147,19660710,MAX,319,,,SD,
STA00000147,19660710,MIN,235,,,SD,
STA00010000,19660710,ERR,117,,,SD,
STA00010095,19660710,MAX,290,,,SD,
STA00010095,19660710,MIN,195,,,SD,
STA00000147,19660711,MAX,304,,,SD,
STA00000147,19660711,MIN,238,,,SD,
STA00010000,19660711,ERR,86,,,SD,
STA00010095,19660711,MAX,195,,,SD,
STA00010095,19660711,MIN,159,,,SD,
STA00000147,19660712,MAX,285,,,SD,
STA00000147,19660712,MIN,241,,,SD,
STA00010000,19660712,ERR,0,,,SD,
STA00010095,19660712,MAX,244,,,SD,
STA00010095,19660712,MIN,160,,,SD,
STA00000147,19660713,MAX,300,,,SD,
STA00000147,19660713,MIN,231,,,SD,
STA00010000,19660713,ERR,0,,,SD,
STA00010095,19660713,MAX,217,,,SD,
STA00010095,19660713,MIN,172,,,SD,
STA00000147,19660714,MAX,300,,,SD,
STA00000147,19660714,MIN,225,,,SD,
STA00010000,19660714,ERR,0,,,SD,
STA00010095,19660714,MAX,186,,,SD,
STA00010095,19660714,MIN,144,,,SD,
STA00000147,19660715,MAX,266,,,SD,
STA00000147,19660715,MIN,225,,,SD,
STA00010000,19660715,ERR,2,,,SD,
STA00010095,19660715,MAX,192,,,SD,
STA00010095,19660715,MIN,124,,,SD,
STA00000147,19660716,MAX,248,,,SD,
STA00000147,19660716,MIN,204,,,SD,
STA00010000,19660716,ERR,0,,,SD,
STA00010095,19660716,MAX,185,,,SD,
STA00010095,19660716,MIN,133,,,SD,
STA00000147,19660717,MAX,275,,,SD,
STA00000147,19660717,MIN,209,,,SD,
STA00010000,19660717,ERR,0,,,SD,
STA00010095,19660717,MAX,204,,,SD,
STA00010095,19660717,MIN,140,,,SD,
STA00000147,19660718,MAX,294,,,SD,
STA00000147,19660718,MIN,213,,,SD,
STA00010000,19660718,ERR,0,,,SD,
STA00010095,19660718,MAX,193,,,SD,
STA00010095,19660718,MIN,142,,,SD,
STA00000147,19660719,MAX,284,,,SD,
STA00000147,19660719,MIN,225,,,SD,
STA00010000,19660719,ERR,0,,,SD,
STA00010095,19660719,MAX,200,,,SD,
STA00010095,19660719,MIN,136,,,SD,
STA00000147,19660720,MAX,263,,,SD,
STA00000147,19660720,MIN,191,,,SD,
STA00010000,19660720,ERR,0,,,SD,
STA00010095,19660720,MAX,204,,,SD,
STA00010095,19660720,MIN,132,,,SD,
STA00000147,19660721,MAX,285,,,SD,
STA00000147,19660721,MIN,191,,,SD,
STA00010000,19660721,ERR,2,,,SD,
STA00010095,19660721,MAX,170,,,SD,
STA00010095,19660721,MIN,124,,,SD,
STA00000147,19660722,MAX,266,,,SD,
STA00000147,19660722,MIN,213,,,SD,
STA00010000,19660722,ERR,80,,,SD,
STA00010095,19660722,MAX,178,,,SD,
STA00010095,19660722,MIN,130,,,SD,
STA00000147,19660723,MAX,250,,,SD,
STA00000147,19660723,MIN,163,,,SD,
STA00010000,19660723,ERR,40,,,SD,
STA00010095,19660723,MAX,190,,,SD,
STA00010095,19660723,MIN,143,,,SD,
STA00000147,19660724,MAX,254,,,SD,
STA00000147,19660724,MIN,171,,,SD,
STA00010000,19660724,ERR,11,,,SD,
STA00010095,19660724,MAX,213,,,SD,
STA00010095,19660724,MIN,155,,,SD,
STA00000147,19660725,MAX,269,,,SD,
STA00000147,19660725,MIN,191,,,SD,
STA00010000,19660725,ERR,0,,,SD,
STA00010095,19660725,MAX,238,,,SD,
STA00010095,19660725,MIN,152,,,SD,
STA00000147,19660726,MAX,281,,,SD,
STA00000147,19660726,MIN,191,,,SD,
STA00010000,19660726,ERR,0,,,SD,
STA00010095,19660726,MAX,220,,,SD,
STA00010095,19660726,MIN,144,,,SD,
STA00000147,19660727,MAX,271,,,SD,
STA00000147,19660727,MIN,206,,,SD,
STA00010000,19660727,ERR,0,,,SD,
STA00010095,19660727,MAX,222,,,SD,
STA00010095,19660727,MIN,169,,,SD,
STA00000147,19660728,MAX,269,,,SD,
STA00000147,19660728,MIN,216,,,SD,
STA00010000,19660728,ERR,0,,,SD,
STA00010095,19660728,MAX,233,,,SD,
STA00010095,19660728,MIN,144,,,SD,
STA00000147,19660729,MAX,241,,,SD,
STA00000147,19660729,MIN,200,,,SD,
STA00010000,19660729,ERR,0,,,SD,
STA00010095,19660729,MAX,230,,,SD,
STA00010095,19660729,MIN,150,,,SD,
STA00000147,19660730,MAX,241,,,SD,
STA00000147,19660730,MIN,200,,,SD,
STA00010000,19660730,ERR,0,,,SD,
STA00010095,19660730,MAX,230,,,SD,
STA00010095,19660730,MIN,120,,,SD,
STA00000147,19660731,MAX,271,,,SD,
STA00000147,19660731,MIN,188,,,SD,
STA00010000,19660731,ERR,0,,,SD,
STA00010095,19660731,MAX,227,,,SD,
STA00010095,19660731,MIN,137,,,SD,
STA00000147,19660801,MAX,250,,,SD,
STA00000147,19660801,MIN,200,,,SD,
STA00010000,19660801,ERR,0,,,SD,
STA00010095,19660801,MAX,242,,,SD,
STA00010095,19660801,MIN,140,,,SD,
STA00000147,19660802,MAX,263,,,SD,
STA00000147,19660802,MIN,188,,,SD,
STA00010000,19660802,ERR,0,,,SD,
STA00010095,19660802,MAX,250,,,SD,
STA00010095,19660802,MIN,154,,,SD,
STA00000147,19660803,MAX,275,,,SD,
STA00000147,19660803,MIN,200,,,SD,
STA00010000,19660803,ERR,0,,,SD,
STA00010095,19660803,MAX,281,,,SD,
STA00010095,19660803,MIN,183,,,SD,
STA00000147,19660804,MAX,288,,,SD,
STA00000147,19660804,MIN,200,,,SD,
STA00010000,19660804,ERR,0,,,SD,
STA00010095,19660804,MAX,316,,,SD,
STA00010095,19660804,MIN,192,,,SD,
STA00000147,19660805,MAX,309,,,SD,
STA00000147,19660805,MIN,210,,,SD,
STA00010000,19660805,ERR,0,,,SD,
STA00010095,19660805,MAX,248,,,SD,
STA00010095,19660805,MIN,168,,,SD,
STA00000147,19660806,MAX,288,,,SD,
STA00000147,19660806,MIN,213,,,SD,
STA00010000,19660806,ERR,0,,,SD,
STA00010095,19660806,MAX,216,,,SD,
STA00010095,19660806,MIN,138,,,SD,
STA00000147,19660807,MAX,298,,,SD,
STA00000147,19660807,MIN,200,,,SD,
STA00010000,19660807,ERR,0,,,SD,
STA00010095,19660807,MAX,210,,,SD,
STA00010095,19660807,MIN,141,,,SD,
STA00000147,19660808,MAX,223,,,SD,
STA00000147,19660808,MIN,143,,,SD,
STA00010000,19660808,ERR,0,,,SD,
STA00010095,19660808,MAX,193,,,SD,
STA00010095,19660808,MIN,136,,,SD,
STA00000147,19660809,MAX,240,,,SD,
STA00000147,19660809,MIN,144,,,SD,
STA00010000,19660809,ERR,9,,,SD,
STA00010095,19660809,MAX,214,,,SD,
STA00010095,19660809,MIN,117,,,SD,
STA00000147,19660810,MAX,246,,,SD,
STA00000147,19660810,MIN,159,,,SD,
STA00010000,19660810,ERR,0,,,SD,
STA00010095,19660810,MAX,251,,,SD,
STA00010095,19660810,MIN,155,,,SD,
STA00000147,19660811,MAX,271,,,SD,
STA00000147,19660811,MIN,166,,,SD,
STA00010000,19660811,ERR,0,,,SD,
STA00010095,19660811,MAX,246,,,SD,
STA00010095,19660811,MIN,155,,,SD,
STA00000147,19660812,MAX,259,,,SD,
STA00000147,19660812,MIN,184,,,SD,
STA00010000,19660812,ERR,0,,,SD,
STA00010095,19660812,MAX,262,,,SD,
STA00010095,19660812,MIN,162,,,SD,
STA00000147,19660813,MAX,281,,,SD,
STA00000147,19660813,MIN,204,,,SD,
STA00010000,19660813,ERR,0,,,SD,
STA00010095,19660813,MAX,287,,,SD,
STA00010095,19660813,MIN,165,,,SD,
STA00000147,19660814,MAX,284,,,SD,
STA00000147,19660814,MIN,221,,,SD,
STA00010000,19660814,ERR,0,,,SD,
STA00010095,19660814,MAX,306,,,SD,
STA00010095,19660814,MIN,180,,,SD,
STA00000147,19660815,MAX,298,,,SD,
STA00000147,19660815,MIN,216,,,SD,
STA00010000,19660815,ERR,0,,,SD,
STA00010095,19660815,MAX,307,,,SD,
STA00010095,19660815,MIN,181,,,SD,
STA00000147,19660816,MAX,304,,,SD,
STA00000147,19660816,MIN,216,,,SD,
STA00010000,19660816,ERR,0,,,SD,
STA00010095,19660816,MAX,304,,,SD,
STA00010095,19660816,MIN,198,,,SD,
STA00000147,19660817,MAX,309,,,SD,
STA00000147,19660817,MIN,216,,,SD,
STA00010000,19660817,ERR,0,,,SD,
STA00010095,19660817,MAX,275,,,SD,
STA00010095,19660817,MIN,178,,,SD,
STA00000147,19660818,MAX,313,,,SD,
STA00000147,19660818,MIN,221,,,SD,
STA00010000,19660818,ERR,0,,,SD,
STA00010095,19660818,MAX,323,,,SD,
STA00010095,19660818,MIN,185,,,SD,
STA00000147,19660819,MAX,323,,,SD,
STA00000147,19660819,MIN,238,,,SD,
STA00010000,19660819,ERR,0,,,SD,
STA00010095,19660819,MAX,290,,,SD,
STA00010095,19660819,MIN,195,,,SD,
STA00000147,19660820,MAX,310,,,SD,
STA00000147,19660820,MIN,235,,,SD,
STA00010000,19660820,ERR,0,,,SD,
STA00010095,19660820,MAX,274,,,SD,
STA00010095,19660820,MIN,202,,,SD,
STA00000147,19660821,MAX,298,,,SD,
STA00000147,19660821,MIN,231,,,SD,
STA00010000,19660821,ERR,36,,,SD,
STA00010095,19660821,MAX,253,,,SD,
STA00010095,19660821,MIN,195,,,SD,
STA00000147,19660822,MAX,279,,,SD,
STA00000147,19660822,MIN,209,,,SD,
STA00010000,19660822,ERR,195,,,SD,
STA00010095,19660822,MAX,206,,,SD,
STA00010095,19660822,MIN,158,,,SD,
STA00000147,19660823,MAX,213,,,SD,
STA00000147,19660823,MIN,204,,,SD,
STA00010000,19660823,ERR,0,,,SD,
STA00010095,19660823,MAX,231,,,SD,
STA00010095,19660823,MIN,119,,,SD,
STA00000147,19660824,MAX,229,,,SD,
STA00000147,19660824,MIN,148,,,SD,
STA00010000,19660824,ERR,33,,,SD,
STA00010095,19660824,MAX,213,,,SD,
STA00010095,19660824,MIN,154,,,SD,
STA00000147,19660825,MAX,241,,,SD,
STA00000147,19660825,MIN,171,,,SD,
STA00010000,19660825,ERR,0,,,SD,
STA00010095,19660825,MAX,200,,,SD,
STA00010095,19660825,MIN,133,,,SD,
STA00000147,19660826,MAX,210,,,SD,
STA00000147,19660826,MIN,159,,,SD,
STA00010000,19660826,ERR,51,,,SD,
STA00010095,19660826,MAX,215,,,SD,
STA00010095,19660826,MIN,151,,,SD,
STA00000147,19660827,MAX,234,,,SD,
STA00000147,19660827,MIN,146,,,SD,
STA00010000,19660827,ERR,268,,,SD,
STA00010095,19660827,MAX,220,,,SD,
STA00010095,19660827,MIN,148,,,SD,
STA00000147,19660828,MAX,234,,,SD,
STA00000147,19660828,MIN,154,,,SD,
STA00010000,19660828,ERR,0,,,SD,
STA00010095,19660828,MAX,203,,,SD,
STA00010095,19660828,MIN,158,,,SD,
STA00000147,19660829,MAX,241,,,SD,
STA00000147,19660829,MIN,179,,,SD,
STA00010000,19660829,ERR,0,,,SD,
STA00010095,19660829,MAX,203,,,SD,
STA00010095,19660829,MIN,149,,,SD,
STA00000147,19660830,MAX,241,,,SD,
STA00000147,19660830,MIN,163,,,SD,
STA00010000,19660830,ERR,40,,,SD,
STA00010095,19660830,MAX,196,,,SD,
STA00010095,19660830,MIN,154,,,SD,
STA00000147,19660831,MAX,240,,,SD,
STA00000147,19660831,MIN,165,,,SD,
STA00010000,19660831,ERR,50,,,SD,
STA00010095,19660831,MAX,177,,,SD,
STA00010095,19660831,MIN,147,,,SD,
STA00000147,19660901,MAX,241,,,SD,
STA00000147,19660901,MIN,184,,,SD,
STA00010000,19660901,ERR,31,,,SD,
STA00010095,19660901,MAX,193,,,SD,
STA00010095,19660901,MIN,148,,,SD,
STA00000147,19660902,MAX,179,,,SD,
STA00000147,19660902,MIN,179,,,SD,
STA00010000,19660902,ERR,0,,,SD,
STA00010095,19660902,MAX,209,,,SD,
STA00010095,19660902,MIN,152,,,SD,
STA00000147,19660903,MAX,216,,,SD,
STA00000147,19660903,MIN,166,,,SD,
STA00010000,19660903,ERR,2,,,SD,
STA00010095,19660903,MAX,197,,,SD,
STA00010095,19660903,MIN,157,,,SD,
STA00000147,19660904,MAX,229,,,SD,
STA00000147,19660904,MIN,166,,,SD,
STA00010000,19660904,ERR,2,,,SD,
STA00010095,19660904,MAX,214,,,SD,
STA00010095,19660904,MIN,141,,,SD,
STA00000147,19660905,MAX,238,,,SD,
STA00000147,19660905,MIN,191,,,SD,
STA00010000,19660905,ERR,0,,,SD,
STA00010095,19660905,MAX,210,,,SD,
STA00010095,19660905,MIN,154,,,SD,
STA00000147,19660906,MAX,238,,,SD,
STA00000147,19660906,MIN,179,,,SD,
STA00010000,19660906,ERR,20,,,SD,
STA00010095,19660906,MAX,225,,,SD,
STA00010095,19660906,MIN,173,,,SD,
STA00000147,19660907,MAX,223,,,SD,
STA00000147,19660907,MIN,178,,,SD,
STA00010000,19660907,ERR,0,,,SD,
STA00010095,19660907,MAX,230,,,SD,
STA00010095,19660907,MIN,146,,,SD,
STA00000147,19660908,MAX,238,,,SD,
STA00000147,19660908,MIN,175,,,SD,
STA00010000,19660908,ERR,56,,,SD,
STA00010095,19660908,MAX,227,,,SD,
STA00010095,19660908,MIN,184,,,SD,
STA00000147,19660909,MAX,250,,,SD,
STA00000147,19660909,MIN,188,,,SD,
STA00010000,19660909,ERR,11,,,SD,
STA00010095,19660909,MAX,194,,,SD,
STA00010095,19660909,MIN,163,,,SD,
STA00000147,19660910,MAX,238,,,SD,
STA00000147,19660910,MIN,188,,,SD,
STA00010000,19660910,ERR,0,,,SD,
STA00010095,19660910,MAX,202,,,SD,
STA00010095,19660910,MIN,152,,,SD,
STA00000147,19660911,MAX,248,,,SD,
STA00000147,19660911,MIN,163,,,SD,
STA00010000,19660911,ERR,110,,,SD,
STA00010095,19660911,MAX,181,,,SD,
STA00010095,19660911,MIN,157,,,SD,
STA00000147,19660912,MAX,238,,,SD,
STA00000147,19660912,MIN,163,,,SD,
STA00010000,19660912,ERR,1,,,SD,
STA00010095,19660912,MAX,186,,,SD,
STA00010095,19660912,MIN,141,,,SD,
STA00000147,19660913,MAX,241,,,SD,
STA00000147,19660913,MIN,154,,,SD,
STA00010000,19660913,ERR,0,,,SD,
STA00010095,19660913,MAX,177,,,SD,
STA00010095,19660913,MIN,116,,,SD,
STA00000147,19660914,MAX,229,,,SD,
STA00000147,19660914,MIN,166,,,SD,
STA00010000,19660914,ERR,0,,,SD,
STA00010095,19660914,MAX,183,,,SD,
STA00010095,19660914,MIN,104,,,SD,
STA00000147,19660915,MAX,225,,,SD,
STA00000147,19660915,MIN,159,,,SD,
STA00010000,19660915,ERR,0,,,SD,
STA00010095,19660915,MAX,198,,,SD,
STA00010095,19660915,MIN,115,,,SD,
STA00000147,19660916,MAX,229,,,SD,
STA00000147,19660916,MIN,154,,,SD,
STA00010000,19660916,ERR,0,,,SD,
STA00010095,19660916,MAX,205,,,SD,
STA00010095,19660916,MIN,111,,,SD,
STA00000147,19660917,MAX,235,,,SD,
STA00000147,19660917,MIN,163,,,SD,
STA00010000,19660917,ERR,0,,,SD,
STA00010095,19660917,MAX,199,,,SD,
STA00010095,19660917,MIN,110,,,SD,
STA00000147,19660918,MAX,246,,,SD,
STA00000147,19660918,MIN,175,,,SD,
STA00010000,19660918,ERR,4,,,SD,
STA00010095,19660918,MAX,217,,,SD,
STA00010095,19660918,MIN,118,,,SD,
STA00000147,19660919,MAX,241,,,SD,
STA00000147,19660919,MIN,184,,,SD,
STA00010000,19660919,ERR,0,,,SD,
STA00010095,19660919,MAX,217,,,SD,
STA00010095,19660919,MIN,165,,,SD,
STA00000147,19660920,MAX,225,,,SD,
STA00000147,19660920,MIN,191,,,SD,
STA00010000,19660920,ERR,2,,,SD,
STA00010095,19660920,MAX,210,,,SD,
STA00010095,19660920,MIN,142,,,SD,
STA00000147,19660921,MAX,231,,,SD,
STA00000147,19660921,MIN,191,,,SD,
STA00010000,19660921,ERR,85,,,SD,
STA00010095,19660921,MAX,193,,,SD,
STA00010095,19660921,MIN,155,,,SD,
STA00000147,19660922,MAX,235,,,SD,
STA00000147,19660922,MIN,185,,,SD,
STA00010000,19660922,ERR,33,,,SD,
STA00010095,19660922,MAX,169,,,SD,
STA00010095,19660922,MIN,136,,,SD,
STA00000147,19660923,MAX,234,,,SD,
STA00000147,19660923,MIN,163,,,SD,
STA00010000,19660923,ERR,14,,,SD,
STA00010095,19660923,MAX,170,,,SD,
STA00010095,19660923,MIN,131,,,SD,
STA00000147,19660924,MAX,234,,,SD,
STA00000147,19660924,MIN,169,,,SD,
STA00010000,19660924,ERR,49,,,SD,
STA00010095,19660924,MAX,164,,,SD,
STA00010095,19660924,MIN,132,,,SD,
STA00000147,19660925,MAX,238,,,SD,
STA00000147,19660925,MIN,171,,,SD,
STA00010000,19660925,ERR,30,,,SD,
STA00010095,19660925,MAX,156,,,SD,
STA00010095,19660925,MIN,125,,,SD,
STA00000147,19660926,MAX,198,,,SD,
STA00000147,19660926,MIN,181,,,SD,
STA00010000,19660926,ERR,10,,,SD,
STA00010095,19660926,MAX,144,,,SD,
STA00010095,19660926,MIN,115,,,SD,
STA00000147,19660927,MAX,213,,,SD,
STA00000147,19660927,MIN,129,,,SD,
STA00010000,19660927,ERR,11,,,SD,
STA00010095,19660927,MAX,134,,,SD,
STA00010095,19660927,MIN,116,,,SD,
STA00000147,19660928,MAX,213,,,SD,
STA00000147,19660928,MIN,181,,,SD,
STA00010000,19660928,ERR,14,,,SD,
STA00010095,19660928,MAX,158,,,SD,
STA00010095,19660928,MIN,114,,,SD,
STA00000147,19660929,MAX,196,,,SD,
STA00000147,19660929,MIN,119,,,SD,
STA00010000,19660929,ERR,13,,,SD,
STA00010095,19660929,MAX,131,,,SD,
STA00010095,19660929,MIN,91,,,SD,
STA00000147,19660930,MAX,200,,,SD,
STA00000147,19660930,MIN,100,,,SD,
STA00010000,19660930,ERR,0,,,SD,
STA00010095,19660930,MAX,157,,,SD,
STA00010095,19660930,MIN,85,,,SD,
STA00000147,19661001,MAX,188,,,SD,
STA00000147,19661001,MIN,129,,,SD,
STA00010000,19661001,ERR,45,,,SD,
STA00010095,19661001,MAX,133,,,SD,
STA00010095,19661001,MIN,110,,,SD,
STA00000147,19661002,MAX,194,,,SD,
STA00000147,19661002,MIN,144,,,SD,
STA00010000,19661002,ERR,127,,,SD,
STA00010095,19661002,MAX,135,,,SD,
STA00010095,19661002,MIN,98,,,SD,
STA00000147,19661003,MAX,200,,,SD,
STA00000147,19661003,MIN,144,,,SD,
STA00010000,19661003,ERR,149,,,SD,
STA00010095,19661003,MAX,164,,,SD,
STA00010095,19661003,MIN,94,,,SD,
STA00000147,19661004,MAX,200,,,SD,
STA00000147,19661004,MIN,163,,,SD,
STA00010000,19661004,ERR,48,,,SD,
STA00010095,19661004,MAX,136,,,SD,
STA00010095,19661004,MIN,109,,,SD,
STA00000147,19661005,MAX,185,,,SD,
STA00000147,19661005,MIN,141,,,SD,
STA00010000,19661005,ERR,0,,,SD,
STA00010095,19661005,MAX,150,,,SD,
STA00010095,19661005,MIN,95,,,SD,
STA00000147,19661006,MAX,181,,,SD,
STA00000147,19661006,MIN,150,,,SD,
STA00010000,19661006,ERR,0,,,SD,
STA00010095,19661006,MAX,149,,,SD,
STA00010095,19661006,MIN,76,,,SD,
STA00000147,19661007,MAX,169,,,SD,
STA00000147,19661007,MIN,154,,,SD,
STA00010000,19661007,ERR,0,,,SD,
STA00010095,19661007,MAX,163,,,SD,
STA00010095,19661007,MIN,98,,,SD,
STA00000147,19661008,MAX,184,,,SD,
STA00000147,19661008,MIN,165,,,SD,
STA00010000,19661008,ERR,0,,,SD,
STA00010095,19661008,MAX,165,,,SD,
STA00010095,19661008,MIN,104,,,SD,
STA00000147,19661009,MAX,184,,,SD,
STA00000147,19661009,MIN,166,,,SD,
STA00010000,19661009,ERR,49,,,SD,
STA00010095,19661009,MAX,174,,,SD,
STA00010095,19661009,MIN,120,,,SD,
STA00000147,19661010,MAX,181,,,SD,
STA00000147,19661010,MIN,150,,,SD,
STA00010000,19661010,ERR,32,,,SD,
STA00010095,19661010,MAX,169,,,SD,
STA00010095,19661010,MIN,125,,,SD,
STA00000147,19661011,MAX,188,,,SD,
STA00000147,19661011,MIN,150,,,SD,
STA00010000,19661011,ERR,32,,,SD,
STA00010095,19661011,MAX,136,,,SD,
STA00010095,19661011,MIN,97,,,SD,
STA00000147,19661012,MAX,175,,,SD,
STA00000147,19661012,MIN,123,,,SD,
STA00010000,19661012,ERR,0,,,SD,
STA00010095,19661012,MAX,147,,,SD,
STA00010095,19661012,MIN,99,,,SD,
STA00000147,19661013,MAX,175,,,SD,
STA00000147,19661013,MIN,113,,,SD,
STA00010000,19661013,ERR,11,,,SD,
STA00010095,19661013,MAX,127,,,SD,
STA00010095,19661013,MIN,98,,,SD,
STA00000147,19661014,MAX,171,,,SD,
STA00000147,19661014,MIN,100,,,SD,
STA00010000,19661014,ERR,0,,,SD,
STA00010095,19661014,MAX,135,,,SD,
STA00010095,19661014,MIN,93,,,SD,
STA00000147,19661015,MAX,171,,,SD,
STA00000147,19661015,MIN,96,,,SD,
STA00010000,19661015,ERR,0,,,SD,
STA00010095,19661015,MAX,124,,,SD,
STA00010095,19661015,MIN,97,,,SD,
STA00000147,19661016,MAX,166,,,SD,
STA00000147,19661016,MIN,109,,,SD,
STA00010000,19661016,ERR,33,,,SD,
STA00010095,19661016,MAX,119,,,SD,
STA00010095,19661016,MIN,72,,,SD,
STA00000147,19661017,MAX,184,,,SD,
STA00000147,19661017,MIN,116,,,SD,
STA00010000,19661017,ERR,15,,,SD,
STA00010095,19661017,MAX,81,,,SD,
STA00010095,19661017,MIN,48,,,SD,
STA00000147,19661018,MAX,154,,,SD,
STA00000147,19661018,MIN,104,,,SD,
STA00010000,19661018,ERR,11,,,SD,
STA00010095,19661018,MAX,99,,,SD,
STA00010095,19661018,MIN,22,,,SD,
STA00000147,19661019,MAX,150,,,SD,
STA00000147,19661019,MIN,75,,,SD,
STA00010000,19661019,ERR,0,,,SD,
STA00010095,19661019,MAX,127,,,SD,
STA00010095,19661019,MIN,85,,,SD,
STA00000147,19661020,MAX,149,,,SD,
STA00000147,19661020,MIN,69,,,SD,
STA00010000,19661020,ERR,0,,,SD,
STA00010095,19661020,MAX,136,,,SD,
STA00010095,19661020,MIN,75,,,SD,
STA00000147,19661021,MAX,148,,,SD,
STA00000147,19661021,MIN,71,,,SD,
STA00010000,19661021,ERR,0,,,SD,
STA00010095,19661021,MAX,133,,,SD,
STA00010095,19661021,MIN,60,,,SD,
STA00000147,19661022,MAX,129,,,SD,
STA00000147,19661022,MIN,110,,,SD,
STA00010000,19661022,ERR,12,,,SD,
STA00010095,19661022,MAX,106,,,SD,
STA00010095,19661022,MIN,52,,,SD,
STA00000147,19661023,MAX,116,,,SD,
STA00000147,19661023,MIN,113,,,SD,
STA00010000,19661023,ERR,11,,,SD,
STA00010095,19661023,MAX,75,,,SD,
STA00010095,19661023,MIN,44,,,SD,
STA00000147,19661024,MAX,104,,,SD,
STA00000147,19661024,MIN,44,,,SD,
STA00010000,19661024,ERR,0,,,SD,
STA00010095,19661024,MAX,92,,,SD,
STA00010095,19661024,MIN,33,,,SD,
STA00000147,19661025,MAX,121,,,SD,
STA00000147,19661025,MIN,31,,,SD,
STA00010000,19661025,ERR,0,,,SD,
STA00010095,19661025,MAX,76,,,SD,
STA00010095,19661025,MIN,-11,,,SD,
STA00000147,19661026,MAX,129,,,SD,
STA00000147,19661026,MIN,50,,,SD,
STA00010000,19661026,ERR,0,,,SD,
STA00010095,19661026,MAX,90,,,SD,
STA00010095,19661026,MIN,55,,,SD,
STA00000147,19661027,MAX,134,,,SD,
STA00000147,19661027,MIN,60,,,SD,
STA00010000,19661027,ERR,0,,,SD,
STA00010095,19661027,MAX,102,,,SD,
STA00010095,19661027,MIN,45,,,SD,
STA00000147,19661028,MAX,148,,,SD,
STA00000147,19661028,MIN,125,,,SD,
STA00010000,19661028,ERR,0,,,SD,
STA00010095,19661028,MAX,99,,,SD,
STA00010095,19661028,MIN,59,,,SD,
STA00000147,19661029,MAX,150,,,SD,
STA00000147,19661029,MIN,113,,,SD,
STA00010000,19661029,ERR,2,,,SD,
STA00010095,19661029,MAX,97,,,SD,
STA00010095,19661029,MIN,60,,,SD,
STA00000147,19661030,MAX,150,,,SD,
STA00000147,19661030,MIN,116,,,SD,
STA00010000,19661030,ERR,0,,,SD,
STA00010095,19661030,MAX,123,,,SD,
STA00010095,19661030,MIN,70,,,SD,
STA00000147,19661031,MAX,125,,,SD,
STA00000147,19661031,MIN,116,,,SD,
STA00010000,19661031,ERR,0,,,SD,
STA00010095,19661031,MAX,90,,,SD,
STA00010095,19661031,MIN,22,,,SD,
STA00000147,19661101,MAX,150,,,SD,
STA00000147,19661101,MIN,116,,,SD,
STA00010000,19661101,ERR,20,,,SD,
STA00010095,19661101,MAX,88,,,SD,
STA00010095,19661101,MIN,57,,,SD,
STA00000147,19661102,MAX,141,,,SD,
STA00000147,19661102,MIN,116,,,SD,
STA00010000,19661102,ERR,63,,,SD,
STA00010095,19661102,MAX,93,,,SD,
STA00010095,19661102,MIN,60,,,SD,
STA00000147,19661103,MAX,135,,,SD,
STA00000147,19661103,MIN,90,,,SD,
STA00010000,19661103,ERR,0,,,SD,
STA00010095,19661103,MAX,114,,,SD,
STA00010095,19661103,MIN,79,,,SD,
STA00000147,19661104,MAX,113,,,SD,
STA00000147,19661104,MIN,106,,,SD,
STA00010000,19661104,ERR,0,,,SD,
STA00010095,19661104,MAX,116,,,SD,
STA00010095,19661104,MIN,79,,,SD,
STA00000147,19661105,MAX,109,,,SD,
STA00000147,19661105,MIN,100,,,SD,
STA00010000,19661105,ERR,54,,,SD,
STA00010095,19661105,MAX,85,,,SD,
STA00010095,19661105,MIN,61,,,SD,
STA00000147,19661106,MAX,113,,,SD,
STA00000147,19661106,MIN,48,,,SD,
STA00010000,19661106,ERR,59,,,SD,
STA00010095,19661106,MAX,84,,,SD,
STA00010095,19661106,MIN,51,,,SD,
STA00000147,19661107,MAX,123,,,SD,
STA00000147,19661107,MIN,50,,,SD,
STA00010000,19661107,ERR,25,,,SD,
STA00010095,19661107,MAX,86,,,SD,
STA00010095,19661107,MIN,45,,,SD,
STA00000147,19661108,MAX,110,,,SD,
STA00000147,19661108,MIN,98,,,SD,
STA00010000,19661108,ERR,0,,,SD,
STA00010095,19661108,MAX,122,,,SD,
STA00010095,19661108,MIN,74,,,SD,
STA00000147,19661109,MAX,113,,,SD,
STA00000147,19661109,MIN,109,,,SD,
STA00010000,19661109,ERR,4,,,SD,
STA00010095,19661109,MAX,173,,,SD,
STA00010095,19661109,MIN,122,,,SD,
STA00000147,19661110,MAX,146,,,SD,
STA00000147,19661110,MIN,104,,,SD,
STA00010000,19661110,ERR,0,,,SD,
STA00010095,19661110,MAX,147,,,SD,
STA00010095,19661110,MIN,64,,,SD,
STA00000147,19661111,MAX,146,,,SD,
STA00000147,19661111,MIN,116,,,SD,
STA00010000,19661111,ERR,0,,,SD,
STA00010095,19661111,MAX,97,,,SD,
STA00010095,19661111,MIN,43,,,SD,
STA00000147,19661112,MAX,134,,,SD,
STA00000147,19661112,MIN,121,,,SD,
STA00010000,19661112,ERR,0,,,SD,
STA00010095,19661112,MAX,103,,,SD,
STA00010095,19661112,MIN,45,,,SD,
STA00000147,19661113,MAX,113,,,SD,
STA00000147,19661113,MIN,98,,,SD,
STA00010000,19661113,ERR,42,,,SD,
STA00010095,19661113,MAX,80,,,SD,
STA00010095,19661113,MIN,50,,,SD,
STA00000147,19661114,MAX,131,,,SD,
STA00000147,19661114,MIN,88,,,SD,
STA00010000,19661114,ERR,39,,,SD,
STA00010095,19661114,MAX,81,,,SD,
STA00010095,19661114,MIN,27,,,SD,
STA00000147,19661115,MAX,119,,,SD,
STA00000147,19661115,MIN,66,,,SD,
STA00010000,19661115,ERR,0,,,SD,
STA00010095,19661115,MAX,44,,,SD,
STA00010095,19661115,MIN,1,,,SD,
STA00000147,19661116,MAX,94,,,SD,
STA00000147,19661116,MIN,94,,,SD,
STA00010000,19661116,ERR,0,,,SD,
STA00010095,19661116,MAX,63,,,SD,
STA00010095,19661116,MIN,30,,,SD,
STA00000147,19661117,MAX,94,,,SD,
STA00000147,19661117,MIN,79,,,SD,
STA00010000,19661117,ERR,47,,,SD,
STA00010095,19661117,MAX,70,,,SD,
STA00010095,19661117,MIN,44,,,SD,
STA00000147,19661118,MAX,98,,,SD,
STA00000147,19661118,MIN,54,,,SD,
STA00010000,19661118,ERR,13,,,SD,
STA00010095,19661118,MAX,70,,,SD,
STA00010095,19661118,MIN,50,,,SD,
STA00000147,19661119,MAX,109,,,SD,
STA00000147,19661119,MIN,81,,,SD,
STA00010000,19661119,ERR,114,,,SD,
STA00010095,19661119,MAX,68,,,SD,
STA00010095,19661119,MIN,55,,,SD,
STA00000147,19661120,MAX,116,,,SD,
STA00000147,19661120,MIN,54,,,SD,
STA00010000,19661120,ERR,62,,,SD,
STA00010095,19661120,MAX,57,,,SD,
STA00010095,19661120,MIN,15,,,SD,
STA00000147,19661121,MAX,91,,,SD,
STA00000147,19661121,MIN,46,,,SD,
STA00010000,19661121,ERR,7,,,SD,
STA00010095,19661121,MAX,29,,,SD,
STA00010095,19661121,MIN,2,,,SD,
STA00000147,19661122,MAX,60,,,SD,
STA00000147,19661122,MIN,54,,,SD,
STA00010000,19661122,ERR,0,,,SD,
STA00010095,19661122,MAX,34,,,SD,
STA00010095,19661122,MIN,0,,,SD,
STA00000147,19661123,MAX,69,,,SD,
STA00000147,19661123,MIN,21,,,SD,
STA00010000,19661123,ERR,0,,,SD,
STA00010095,19661123,MAX,58,,,SD,
STA00010095,19661123,MIN,30,,,SD,
STA00000147,19661124,MAX,63,,,SD,
STA00000147,19661124,MIN,19,,,SD,
STA00010000,19661124,ERR,0,,,SD,
STA00010095,19661124,MAX,69,,,SD,
STA00010095,19661124,MIN,14,,,SD,
STA00000147,19661125,MAX,63,,,SD,
STA00000147,19661125,MIN,40,,,SD,
STA00010000,19661125,ERR,0,,,SD,
STA00010095,19661125,MAX,43,,,SD,
STA00010095,19661125,MIN,-5,,,SD,
STA00000147,19661126,MAX,59,,,SD,
STA00000147,19661126,MIN,54,,,SD,
STA00010000,19661126,ERR,0,,,SD,
STA00010095,19661126,MAX,45,,,SD,
STA00010095,19661126,MIN,-6,,,SD,
STA00000147,19661127,MAX,48,,,SD,
STA00000147,19661127,MIN,41,,,SD,
STA00010000,19661127,ERR,86,,,SD,
STA00010095,19661127,MAX,56,,,SD,
STA00010095,19661127,MIN,38,,,SD,
STA00000147,19661128,MAX,63,,,SD,
STA00000147,19661128,MIN,48,,,SD,
STA00010000,19661128,ERR,56,,,SD,
STA00010095,19661128,MAX,38,,,SD,
STA00010095,19661128,MIN,17,,,SD,
STA00000147,19661129,MAX,66,,,SD,
STA00000147,19661129,MIN,59,,,SD,
STA00010000,19661129,ERR,13,,,SD,
STA00010095,19661129,MAX,42,,,SD,
STA00010095,19661129,MIN,17,,,SD,
STA00000147,19661130,MAX,66,,,SD,
STA00000147,19661130,MIN,25,,,SD,
STA00010000,19661130,ERR,0,,,SD,
STA00010095,19661130,MAX,22,,,SD,
STA00010095,19661130,MIN,0,,,SD,
STA00000147,19661201,MAX,29,,,SD,
STA00000147,19661201,MIN,9,,,SD,
STA00010000,19661201,ERR,7,,,SD,
STA00010095,19661201,MAX,34,,,SD,
STA00010095,19661201,MIN,-2,,,SD,
STA00000147,19661202,MAX,10,,,SD,
STA00000147,19661202,MIN,-23,,,SD,
STA00010000,19661202,ERR,0,,,SD,
STA00010095,19661202,MAX,39,,,SD,
STA00010095,19661202,MIN,-5,,,SD,
STA00000147,19661203,MAX,16,,,SD,
STA00000147,19661203,MIN,-4,,,SD,
STA00010000,19661203,ERR,14,,,SD,
STA00010095,19661203,MAX,49,,,SD,
STA00010095,19661203,MIN,11,,,SD,
STA00000147,19661204,MAX,13,,,SD,
STA00000147,19661204,MIN,4,,,SD,
STA00010000,19661204,ERR,0,,,SD,
STA00010095,19661204,MAX,34,,,SD,
STA00010095,19661204,MIN,-5,,,SD,
STA00000147,19661205,MAX,54,,,SD,
STA00000147,19661205,MIN,19,,,SD,
STA00010000,19661205,ERR,0,,,SD,
STA00010095,19661205,MAX,23,,,SD,
STA00010095,19661205,MIN,4,,,SD,
STA00000147,19661206,MAX,29,,,SD,
STA00000147,19661206,MIN,13,,,SD,
STA00010000,19661206,ERR,0,,,SD,
STA00010095,19661206,MAX,63,,,SD,
STA00010095,19661206,MIN,19,,,SD,
STA00000147,19661207,MAX,13,,,SD,
STA00000147,19661207,MIN,3,,,SD,
STA00010000,19661207,ERR,0,,,SD,
STA00010095,19661207,MAX,38,,,SD,
STA00010095,19661207,MIN,0,,,SD,
STA00000147,19661208,MAX,0,,,SD,
STA00000147,19661208,MIN,-4,,,SD,
STA00010000,19661208,ERR,0,,,SD,
STA00010095,19661208,MAX,24,,,SD,
STA00010095,19661208,MIN,-4,,,SD,
STA00000147,19661209,MAX,10,,,SD,
STA00000147,19661209,MIN,-10,,,SD,
STA00010000,19661209,ERR,0,,,SD,
STA00010095,19661209,MAX,24,,,SD,
STA00010095,19661209,MIN,-17,,,SD,
STA00000147,19661210,MAX,21,,F,SD,
STA00000147,19661210,MIN,10,,,SD,
STA00010000,19661210,ERR,0,,,SD,
STA00010095,19661210,MAX,27,,,SD,
STA00010095,19661210,MIN,-9,,,SD,
STA00000147,19661211,MAX,41,,,SD,
STA00000147,19661211,MIN,35,,F,SD,
STA00010000,19661211,ERR,0,,,SD,
STA00010095,19661211,MAX,47,,,SD,
STA00010095,19661211,MIN,23,,,SD,
STA00000147,19661212,MAX,46,,,SD,
STA00000147,19661212,MIN,29,,,SD,
STA00010000,19661212,ERR,0,,,SD,
STA00010095,19661212,MAX,44,,,SD,
STA00010095,19661212,MIN,35,,,SD,
STA00000147,19661213,MAX,71,,,SD,
STA00000147,19661213,MIN,46,,,SD,
STA00010000,19661213,ERR,0,,,SD,
STA00010095,19661213,MAX,45,,,SD,
STA00010095,19661213,MIN,35,,,SD,
STA00000147,19661214,MAX,85,,,SD,
STA00000147,19661214,MIN,66,,,SD,
STA00010000,19661214,ERR,0,,,SD,
STA00010095,19661214,MAX,38,,,SD,
STA00010095,19661214,MIN,27,,,SD,
STA00000147,19661215,MAX,91,,,SD,
STA00000147,19661215,MIN,73,,,SD,
STA00010000,19661215,ERR,0,,,SD,
STA00010095,19661215,MAX,27,,,SD,
STA00010095,19661215,MIN,23,,,SD,
STA00000147,19661216,MAX,66,,,SD,
STA00000147,19661216,MIN,60,,,SD,
STA00010000,19661216,ERR,0,,,SD,
STA00010095,19661216,MAX,23,,,SD,
STA00010095,19661216,MIN,-3,,,SD,
STA00000147,19661217,MAX,50,,,SD,
STA00000147,19661217,MIN,50,,,SD,
STA00010000,19661217,ERR,0,,,SD,
STA00010095,19661217,MAX,-1,,,SD,
STA00010095,19661217,MIN,-14,,,SD,
STA00000147,19661218,MAX,54,,,SD,
STA00000147,19661218,MIN,48,,F,SD,
STA00010000,19661218,ERR,0,,,SD,
STA00010095,19661218,MAX,-8,,,SD,
STA00010095,19661218,MIN,-35,,,SD,
STA00000147,19661219,MAX,29,,F,SD,
STA00000147,19661219,MIN,29,,F,SD,
STA00010000,19661219,ERR,0,,,SD,
STA00010095,19661219,MAX,-14,,,SD,
STA00010095,19661219,MIN,-56,,,SD,
STA00000147,19661220,MAX,13,,F,SD,
STA00000147,19661220,MIN,10,,,SD,
STA00010000,19661220,ERR,0,,,SD,
STA00010095,19661220,MAX,-14,,,SD,
STA00010095,19661220,MIN,-64,,,SD,
STA00000147,19661221,MAX,10,,,SD,
STA00000147,19661221,MIN,-13,,,SD,
STA00010000,19661221,ERR,0,,,SD,
STA00010095,19661221,MAX,4,,,SD,
STA00010095,19661221,MIN,-83,,,SD,
STA00000147,19661222,MAX,16,,,SD,
STA00000147,19661222,MIN,-13,,,SD,
STA00010000,19661222,ERR,13,,,SD,
STA00010095,19661222,MAX,54,,,SD,
STA00010095,19661222,MIN,4,,,SD,
STA00000147,19661223,MAX,23,,,SD,
STA00000147,19661223,MIN,-16,,,SD,
STA00010000,19661223,ERR,0,,,SD,
STA00010095,19661223,MAX,52,,,SD,
STA00010095,19661223,MIN,30,,,SD,
STA00000147,19661224,MAX,16,,,SD,
STA00000147,19661224,MIN,4,,,SD,
STA00010000,19661224,ERR,0,,,SD,
STA00010095,19661224,MAX,30,,,SD,
STA00010095,19661224,MIN,6,,,SD,
STA00000147,19661225,MAX,25,,,SD,
STA00000147,19661225,MIN,13,,,SD,
STA00010000,19661225,ERR,0,,,SD,
STA00010095,19661225,MAX,21,,,SD,
STA00010095,19661225,MIN,11,,,SD,
STA00000147,19661226,MAX,38,,,SD,
STA00000147,19661226,MIN,25,,,SD,
STA00010000,19661226,ERR,0,,,SD,
STA00010095,19661226,MAX,36,,,SD,
STA00010095,19661226,MIN,8,,,SD,
STA00000147,19661227,MAX,10,,F,SD,
STA00000147,19661227,MIN,9,,,SD,
STA00010000,19661227,ERR,0,,,SD,
STA00010095,19661227,MAX,47,,,SD,
STA00010095,19661227,MIN,20,,,SD,
STA00000147,19661228,MAX,35,,,SD,
STA00000147,19661228,MIN,25,,,SD,
STA00010000,19661228,ERR,7,,,SD,
STA00010095,19661228,MAX,43,,,SD,
STA00010095,19661228,MIN,7,,,SD,
STA00000147,19661229,MAX,50,,,SD,
STA00000147,19661229,MIN,16,,,SD,
STA00010000,19661229,ERR,9,,,SD,
STA00010095,19661229,MAX,45,,,SD,
STA00010095,19661229,MIN,-3,,,SD,
STA00000147,19661230,MAX,50,,,SD,
STA00000147,19661230,MIN,31,,,SD,
STA00010000,19661230,ERR,13,,,SD,
STA00010095,19661230,MAX,96,,,SD,
STA00010095,19661230,MIN,14,,,SD,
STA00000147,19661231,MAX,50,,,SD,
STA00000147,19661231,MIN,25,,,SD,
STA00010000,19661231,ERR,16,,,SD,
STA00010095,19661231,MAX,14,,,SD,
STA00010095,19661231,MIN,-4,,,SD,
